타임스탬프,이메일 주소,1. 본인의 성명을 입력해주십시오.,2. 본인의 학번을 입력해 주십시오,3. 본인의 학년 또는 지위를 선택해 주십시오.,4. 1지망~3지망 지정좌석을 각각 선택해 주십시오. [1지망],4. 1지망~3지망 지정좌석을 각각 선택해 주십시오. [2지망],4. 1지망~3지망 지정좌석을 각각 선택해 주십시오. [3지망]
1/11/2000 12:00,fcpkjcslqc@snu.ac.kr,채은도,2000-11191,1학년,15동 404호(칸막이),법오 큰방(평상),국산(칸막이)
1/11/2000 12:00,i4o6l1f90s@snu.ac.kr,유기예,2000-11253,1학년,국산(칸막이),법오 큰방(평상),법오 작은방(평상)
1/11/2000 12:00,74rzgyd49p@snu.ac.kr,김경훈,2000-11507,3학년,15동 401호(칸막이),법오 작은방(평상),15동 404호(칸막이)
1/11/2000 12:00,kepadahp2r@snu.ac.kr,박빛승,2000-11396,2학년,법오 작은방(평상),15동 404호(칸막이),법오 골방(칸막이)
1/11/2000 12:00,7lp7dfjcp0@snu.ac.kr,마하은,2000-11529,3학년,15동 401호(칸막이),법오 큰방(칸막이),15동 404호(칸막이)
1/11/2000 12:00,mb1l6314cq@snu.ac.kr,문태하,2000-11433,3학년,법오 큰방(칸막이),15동 404호(칸막이),법오 작은방(평상)
1/11/2000 12:00,5brn7zsedf@snu.ac.kr,배채온,2000-11199,1학년,법오 작은방(평상),15동 403호(평상),15동 404호(칸막이)
1/11/2000 12:00,rrhf4abufw@snu.ac.kr,편서연,2000-11367,2학년,법오 큰방(평상),15동 404호(칸막이),법오 큰방(칸막이)
1/11/2000 12:00,1f4x2bfibj@snu.ac.kr,고도윤,2000-11538,3학년,15동 404호(칸막이),법오 큰방(칸막이),국산(칸막이)
1/11/2000 12:00,q85jsg65kx@snu.ac.kr,민호슬,2000-11118,1학년,15동 404호(칸막이),법오 큰방(칸막이),국산(칸막이)
1/11/2000 12:00,qakoixntm9@snu.ac.kr,여윤윤,2000-11150,1학년,15동 401호(칸막이),법오 큰방(칸막이),15동 404호(칸막이)
1/11/2000 12:00,p2fmr0tjop@snu.ac.kr,석원광,2000-11413,2학년,15동 404호(칸막이),15동 401호(칸막이),법오 큰방(칸막이)
1/11/2000 12:00,ztkszp7g7s@snu.ac.kr,이하랑,2000-11249,1학년,법오 큰방(칸막이),15동 404호(칸막이),법오 작은방(평상)
1/11/2000 12:00,mkzebbk7w1@snu.ac.kr,손린선,2000-11152,1학년,법오 큰방(칸막이),법오 골방(칸막이),15동 401호(평상)
1/11/2000 12:00,uswrgvz9aa@snu.ac.kr,공별아,2000-11435,3학년,15동 404호(칸막이),법오 큰방(평상),국산(칸막이)
1/11/2000 12:00,kpqahcua09@snu.ac.kr,강명성,2000-11584,수료생,15동 401호(평상),법오 큰방(평상),법오 큰방(칸막이)
1/11/2000 12:00,gm0j36tcfk@snu.ac.kr,마꽃나,2000-11402,2학년,법오 큰방(칸막이),15동 401호(칸막이),법오 골방(칸막이)
1/11/2000 12:00,nbhds26fmr@snu.ac.kr,유겨상,2000-11440,3학년,15동 404호(칸막이),법오 큰방(칸막이),법오 작은방(평상)
1/11/2000 12:00,kzmpjrht7z@snu.ac.kr,류채진,2000-11227,1학년,법오 큰방(칸막이),15동 404호(칸막이),15동 401호(칸막이)
1/11/2000 12:00,qnk20in891@snu.ac.kr,채율안,2000-11289,2학년,15동 404호(칸막이),법오 작은방(평상),15동 403호(칸막이)
1/11/2000 12:00,vzhwjr64dp@snu.ac.kr,전근소,2000-11129,1학년,법오 큰방(칸막이),법오 골방(칸막이),15동 404호(칸막이)
1/11/2000 12:00,bfu7e4dnks@snu.ac.kr,허태람,2000-11567,3학년,법오 큰방(칸막이),15동 401호(평상),15동 403호(칸막이)
1/11/2000 12:00,qw4c6lbpj8@snu.ac.kr,양규은,2000-11484,3학년,15동 401호(칸막이),15동 404호(칸막이),15동 403호(평상)
1/11/2000 12:00,geuidjipnf@snu.ac.kr,탁달재,2000-11385,2학년,국산(칸막이),법오 큰방(칸막이),15동 404호(칸막이)
1/11/2000 12:00,j17mgfxc08@snu.ac.kr,우현봄,2000-11184,1학년,법오 큰방(칸막이),15동 404호(칸막이),법오 작은방(평상)
1/11/2000 12:00,i5p5nvqebw@snu.ac.kr,오광서,2000-11324,2학년,15동 403호(칸막이),15동 404호(칸막이),법오 큰방(칸막이)
1/11/2000 12:00,ixdu1emmx3@snu.ac.kr,공다하,2000-11204,1학년,15동 404호(칸막이),국산(칸막이),법오 큰방(칸막이)
1/11/2000 12:00,eao4n5pp3x@snu.ac.kr,배현태,2000-11258,1학년,15동 404호(칸막이),법오 큰방(칸막이),15동 401호(칸막이)
1/11/2000 12:00,lvunlpaih0@snu.ac.kr,원아이,2000-11360,2학년,법오 작은방(평상),15동 404호(칸막이),법오 큰방(평상)
1/11/2000 12:00,wsozctwjls@snu.ac.kr,석온유,2000-11283,2학년,법오 큰방(칸막이),15동 404호(칸막이),15동 401호(평상)
1/11/2000 12:00,gbcvarlw3m@snu.ac.kr,도세건,2000-11301,2학년,법오 큰방(칸막이),15동 404호(칸막이),국산(칸막이)
1/11/2000 12:00,6bkadevvhy@snu.ac.kr,윤하주,2000-11505,3학년,법오 큰방(평상),법오 큰방(칸막이),15동 404호(칸막이)
1/11/2000 12:00,c8qizk3c9x@snu.ac.kr,공종연,2000-11250,1학년,법오 큰방(평상),법오 작은방(평상),15동 401호(평상)
1/11/2000 12:00,6oqoloeazc@snu.ac.kr,임유선,2000-11355,2학년,15동 404호(칸막이),법오 큰방(평상),국산(칸막이)
1/11/2000 12:00,s445gdej31@snu.ac.kr,여윤준,2000-11323,2학년,법오 큰방(칸막이),15동 404호(칸막이),법오 작은방(평상)
1/11/2000 12:00,e7ckw5ngcx@snu.ac.kr,강현늘,2000-11113,1학년,15동 404호(칸막이),국산(칸막이),15동 401호(평상)
1/11/2000 12:00,ysm8t2sa5b@snu.ac.kr,편빛재,2000-11203,1학년,법오 작은방(평상),법오 큰방(칸막이),15동 404호(칸막이)
1/11/2000 12:00,fqjja26yfp@snu.ac.kr,심온율,2000-11168,1학년,법오 큰방(칸막이),15동 404호(칸막이),15동 403호(평상)
1/11/2000 12:00,atwyam1n0l@snu.ac.kr,전서채,2000-11290,2학년,법오 큰방(칸막이),국산(칸막이),15동 401호(칸막이)
1/11/2000 12:00,bcyh3fvl03@snu.ac.kr,허샘찬,2000-11312,2학년,법오 큰방(평상),15동 403호(칸막이),15동 404호(칸막이)
1/11/2000 12:00,4yxfiblejg@snu.ac.kr,신봄겨,2000-11491,3학년,15동 403호(평상),법오 큰방(평상),법오 작은방(평상)
1/11/2000 12:00,5o31yhxso7@snu.ac.kr,오예아,2000-11475,3학년,15동 404호(칸막이),법오 큰방(평상),법오 큰방(칸막이)
1/11/2000 12:00,dz09wftbgm@snu.ac.kr,연시이,2000-11429,3학년,15동 404호(칸막이),국산(칸막이),법오 큰방(칸막이)
1/11/2000 12:00,1whhkt1yjf@snu.ac.kr,나은유,2000-11442,3학년,법오 큰방(칸막이),국산(칸막이),15동 404호(칸막이)
1/11/2000 12:00,xmxb9yo18p@snu.ac.kr,한태순,2000-11262,2학년,법오 골방(칸막이),법오 큰방(칸막이),15동 404호(칸막이)
1/11/2000 12:00,vsb0ukoefu@snu.ac.kr,방우훈,2000-11577,졸업생,법오 큰방(칸막이),15동 404호(칸막이),15동 401호(칸막이)
1/11/2000 12:00,o1vsmado8e@snu.ac.kr,유민담,2000-11263,2학년,국산(칸막이),법오 큰방(칸막이),15동 401호(평상)
1/11/2000 12:00,d7oi0pesgb@snu.ac.kr,주서래,2000-11391,2학년,법오 큰방(칸막이),국산(칸막이),15동 404호(칸막이)
1/11/2000 12:00,pb90spo3zd@snu.ac.kr,전지서,2000-11482,3학년,15동 401호(평상),법오 큰방(평상),15동 404호(칸막이)
1/11/2000 12:00,gg2b9iqiux@snu.ac.kr,허소결,2000-11534,3학년,법오 큰방(칸막이),15동 404호(칸막이),국산(칸막이)
1/11/2000 12:00,ifd0tvbdiv@snu.ac.kr,권수용,2000-11111,1학년,15동 403호(평상),15동 404호(칸막이),15동 401호(평상)
1/11/2000 12:00,u1gspk9p38@snu.ac.kr,박한종,2000-11158,1학년,15동 401호(평상),법오 작은방(평상),법오 큰방(칸막이)
1/11/2000 12:00,fhv1xg1r11@snu.ac.kr,류숙승,2000-11190,1학년,법오 작은방(평상),국산(칸막이),15동 401호(칸막이)
1/11/2000 12:00,ex6u86zjq7@snu.ac.kr,황율채,2000-11464,3학년,15동 404호(칸막이),국산(칸막이),법오 큰방(칸막이)
1/11/2000 12:00,suoc1y5ayy@snu.ac.kr,허율서,2000-11540,3학년,법오 작은방(평상),15동 404호(칸막이),국산(칸막이)
1/11/2000 12:00,ren93iiuc0@snu.ac.kr,김윤시,2000-11119,1학년,15동 404호(칸막이),국산(칸막이),법오 큰방(칸막이)
1/11/2000 12:00,vm2p9e6gbp@snu.ac.kr,주영태,2000-11134,1학년,15동 401호(평상),15동 404호(칸막이),법오 작은방(평상)
1/11/2000 12:00,07g2re6zvl@snu.ac.kr,위우승,2000-11478,3학년,법오 큰방(칸막이),15동 404호(칸막이),법오 작은방(평상)
1/11/2000 12:00,5l8a78e9ri@snu.ac.kr,허가석,2000-11244,1학년,15동 404호(칸막이),법오 큰방(칸막이),국산(칸막이)
1/11/2000 12:00,d76szn9dde@snu.ac.kr,윤결달,2000-11291,2학년,15동 404호(칸막이),법오 큰방(평상),법오 작은방(평상)
1/11/2000 12:00,2qc1iyyo4u@snu.ac.kr,추린지,2000-11172,1학년,법오 큰방(칸막이),15동 403호(평상),15동 401호(평상)
1/11/2000 12:00,2jtxb02b6l@snu.ac.kr,송현남,2000-11523,3학년,법오 큰방(칸막이),법오 큰방(평상),국산(칸막이)
1/11/2000 12:00,yzx9jpnbzu@snu.ac.kr,탁찬연,2000-11322,2학년,법오 큰방(칸막이),15동 404호(칸막이),법오 작은방(평상)
1/11/2000 12:00,4lorxdtg5n@snu.ac.kr,민아람,2000-11309,2학년,법오 작은방(평상),법오 큰방(칸막이),15동 404호(칸막이)
1/11/2000 12:00,6af58c2jwo@snu.ac.kr,길경사,2000-11165,1학년,법오 큰방(평상),법오 작은방(평상),15동 404호(칸막이)
1/11/2000 12:00,mzrr45ed5g@snu.ac.kr,도진영,2000-11539,3학년,법오 큰방(칸막이),15동 404호(칸막이),법오 작은방(평상)
1/11/2000 12:00,1r8vnrpjy9@snu.ac.kr,노현주,2000-11499,3학년,15동 404호(칸막이),법오 큰방(칸막이),15동 403호(칸막이)
1/11/2000 12:00,ier7u8h0im@snu.ac.kr,백온윤,2000-11486,3학년,법오 큰방(칸막이),15동 404호(칸막이),법오 작은방(평상)
1/11/2000 12:00,q1rdxck36h@snu.ac.kr,원가유,2000-11361,2학년,15동 404호(칸막이),법오 작은방(평상),15동 401호(칸막이)
1/11/2000 12:00,yjoa21a6xv@snu.ac.kr,유윤명,2000-11319,2학년,법오 골방(칸막이),법오 큰방(칸막이),15동 404호(칸막이)
1/11/2000 12:00,oih5csk30l@snu.ac.kr,조옥우,2000-11240,1학년,15동 404호(칸막이),15동 401호(평상),법오 큰방(칸막이)
1/11/2000 12:00,1lfc1nlc8j@snu.ac.kr,선윤재,2000-11465,3학년,15동 401호(평상),15동 401호(칸막이),국산(칸막이)
1/11/2000 12:00,3i12vj99t2@snu.ac.kr,백주철,2000-11177,1학년,법오 큰방(칸막이),국산(칸막이),법오 큰방(평상)
1/11/2000 12:00,erpetiuymo@snu.ac.kr,하채현,2000-11187,1학년,15동 404호(칸막이),법오 큰방(칸막이),15동 401호(평상)
1/11/2000 12:00,j7upfln4rx@snu.ac.kr,유한하,2000-11246,1학년,15동 404호(칸막이),법오 큰방(칸막이),국산(칸막이)
1/11/2000 12:00,173rih83j0@snu.ac.kr,이사호,2000-11533,3학년,법오 작은방(평상),15동 401호(평상),법오 큰방(칸막이)
1/11/2000 12:00,slcb8qsspy@snu.ac.kr,안승소,2000-11328,2학년,법오 큰방(칸막이),국산(칸막이),15동 403호(칸막이)
1/11/2000 12:00,p0aga24smu@snu.ac.kr,안람하,2000-11489,3학년,15동 404호(칸막이),15동 401호(칸막이),법오 작은방(평상)
1/11/2000 12:00,ttd96qe3rz@snu.ac.kr,심슬건,2000-11161,1학년,15동 401호(평상),법오 큰방(칸막이),국산(칸막이)
1/11/2000 12:00,w563btkf6x@snu.ac.kr,석용혁,2000-11420,2학년,법오 큰방(칸막이),15동 403호(평상),국산(칸막이)
1/11/2000 12:00,c1ydmt8vt4@snu.ac.kr,유종예,2000-11310,2학년,15동 404호(칸막이),법오 큰방(칸막이),15동 401호(평상)
1/11/2000 12:00,v71448n7od@snu.ac.kr,윤은한,2000-11302,2학년,법오 큰방(칸막이),법오 작은방(평상),15동 401호(평상)
1/11/2000 12:00,b2rtsoyg9z@snu.ac.kr,유유찬,2000-11383,2학년,법오 작은방(평상),15동 404호(칸막이),법오 골방(칸막이)
1/11/2000 12:00,sn9ye6bggr@snu.ac.kr,강서임,2000-11536,3학년,법오 작은방(평상),15동 401호(칸막이),법오 큰방(평상)
1/11/2000 12:00,gh8riec4d1@snu.ac.kr,박이건,2000-11196,1학년,15동 404호(칸막이),국산(칸막이),법오 골방(칸막이)
1/11/2000 12:00,qame4yrid3@snu.ac.kr,유바지,2000-11278,2학년,법오 큰방(칸막이),15동 401호(칸막이),15동 401호(평상)
1/11/2000 12:00,jcitfoyqbk@snu.ac.kr,백은훈,2000-11155,1학년,법오 큰방(칸막이),국산(칸막이),법오 큰방(평상)
1/11/2000 12:00,4y4k7bpgyv@snu.ac.kr,방영한,2000-11432,3학년,15동 404호(칸막이),법오 작은방(평상),15동 403호(칸막이)
1/11/2000 12:00,z42o83rlkt@snu.ac.kr,위시재,2000-11275,2학년,법오 큰방(칸막이),국산(칸막이),15동 404호(칸막이)
1/11/2000 12:00,iwf3km2kql@snu.ac.kr,한상호,2000-11416,2학년,15동 404호(칸막이),법오 큰방(칸막이),15동 401호(평상)
1/11/2000 12:00,m42wsc31tz@snu.ac.kr,구하윤,2000-11506,3학년,국산(칸막이),법오 큰방(칸막이),15동 404호(칸막이)
1/11/2000 12:00,plo1urttqu@snu.ac.kr,유새윤,2000-11514,3학년,법오 큰방(칸막이),법오 큰방(평상),15동 401호(평상)
1/11/2000 12:00,8sa3idy3c7@snu.ac.kr,남도은,2000-11380,2학년,15동 401호(평상),법오 큰방(칸막이),국산(칸막이)
1/11/2000 12:00,2fvb66h3re@snu.ac.kr,민나현,2000-11568,3학년,법오 작은방(평상),15동 404호(칸막이),법오 큰방(칸막이)
1/11/2000 12:00,poxko8g8qy@snu.ac.kr,임도유,2000-11188,1학년,법오 큰방(칸막이),15동 404호(칸막이),법오 큰방(평상)
1/11/2000 12:00,nipar0zj7u@snu.ac.kr,선안재,2000-11454,3학년,법오 큰방(평상),법오 큰방(칸막이),15동 404호(칸막이)
1/11/2000 12:00,cxll4zkloo@snu.ac.kr,배준지,2000-11135,1학년,법오 큰방(칸막이),법오 작은방(평상),15동 404호(칸막이)
1/11/2000 12:00,06moxsfh4g@snu.ac.kr,한윤석,2000-11358,2학년,법오 큰방(칸막이),15동 404호(칸막이),국산(칸막이)
1/11/2000 12:00,i826gyup12@snu.ac.kr,연혜하,2000-11198,1학년,15동 401호(평상),법오 작은방(평상),법오 큰방(칸막이)
1/11/2000 12:00,819y207mer@snu.ac.kr,민람채,2000-11493,3학년,법오 큰방(평상),15동 404호(칸막이),법오 큰방(칸막이)
1/11/2000 12:00,kdotrbad3w@snu.ac.kr,주찬소,2000-11308,2학년,15동 401호(평상),법오 큰방(칸막이),법오 작은방(평상)
1/11/2000 12:00,4qxgnrfio8@snu.ac.kr,추담라,2000-11424,3학년,국산(칸막이),15동 404호(칸막이),법오 큰방(칸막이)
1/11/2000 12:00,d3ih66w51o@snu.ac.kr,석복안,2000-11528,3학년,법오 큰방(평상),15동 404호(칸막이),15동 403호(칸막이)
1/11/2000 12:00,lz049enulq@snu.ac.kr,천아결,2000-11217,1학년,법오 큰방(칸막이),법오 작은방(평상),법오 큰방(평상)
1/11/2000 12:00,18o1bj9rm7@snu.ac.kr,임안채,2000-11254,1학년,법오 작은방(평상),15동 404호(칸막이),15동 401호(평상)
1/11/2000 12:00,25a5piskff@snu.ac.kr,공하나,2000-11366,2학년,15동 404호(칸막이),15동 403호(칸막이),법오 작은방(평상)
1/11/2000 12:00,i9kqdgbk2l@snu.ac.kr,서복도,2000-11333,2학년,15동 404호(칸막이),법오 큰방(평상),15동 401호(칸막이)
1/11/2000 12:00,wktakpuxqp@snu.ac.kr,변결겨,2000-11136,1학년,법오 큰방(칸막이),15동 404호(칸막이),국산(칸막이)
1/11/2000 12:00,kz2u2tnhey@snu.ac.kr,김훈동,2000-11266,2학년,15동 401호(평상),국산(칸막이),법오 큰방(칸막이)
1/11/2000 12:00,oekntbz3m5@snu.ac.kr,이시마,2000-11451,3학년,15동 404호(칸막이),법오 큰방(칸막이),15동 403호(평상)
1/11/2000 12:00,yz7srcbplj@snu.ac.kr,길희빈,2000-11157,1학년,법오 큰방(칸막이),국산(칸막이),15동 404호(칸막이)
1/11/2000 12:00,81a4rkgjzo@snu.ac.kr,황풀서,2000-11558,3학년,15동 404호(칸막이),법오 큰방(칸막이),15동 403호(칸막이)
1/11/2000 12:00,x7zcgdc5ta@snu.ac.kr,박찬숙,2000-11390,2학년,법오 작은방(평상),15동 404호(칸막이),법오 큰방(평상)
1/11/2000 12:00,1f8yc8gzkd@snu.ac.kr,류봄복,2000-11573,졸업생,법오 큰방(칸막이),국산(칸막이),법오 작은방(평상)
1/11/2000 12:00,25qbrmqg1v@snu.ac.kr,양재서,2000-11446,3학년,법오 큰방(칸막이),법오 큰방(평상),15동 404호(칸막이)
1/11/2000 12:00,muwahk2lsl@snu.ac.kr,편은우,2000-11436,3학년,법오 골방(칸막이),15동 404호(칸막이),법오 큰방(칸막이)
1/11/2000 12:00,8u118qqvae@snu.ac.kr,하윤영,2000-11379,2학년,법오 큰방(평상),15동 404호(칸막이),국산(칸막이)
1/11/2000 12:00,39yl9ue421@snu.ac.kr,배린지,2000-11473,3학년,15동 404호(칸막이),법오 큰방(칸막이),법오 큰방(평상)
1/11/2000 12:00,te8tvq05px@snu.ac.kr,곽세근,2000-11392,2학년,15동 401호(칸막이),국산(칸막이),법오 작은방(평상)
1/11/2000 12:00,d05nhqr6f7@snu.ac.kr,권현선,2000-11479,3학년,15동 401호(평상),법오 작은방(평상),법오 큰방(칸막이)
1/11/2000 12:00,8vuazxkdq9@snu.ac.kr,주봄바,2000-11368,2학년,15동 404호(칸막이),법오 큰방(칸막이),국산(칸막이)
1/11/2000 12:00,mi9ayfquv9@snu.ac.kr,제철별,2000-11483,3학년,15동 401호(평상),법오 큰방(칸막이),15동 404호(칸막이)
1/11/2000 12:00,wsgy7vcnea@snu.ac.kr,류율봄,2000-11369,2학년,15동 401호(평상),국산(칸막이),15동 404호(칸막이)
1/11/2000 12:00,9212pgyme6@snu.ac.kr,마혜연,2000-11401,2학년,15동 401호(평상),법오 작은방(평상),법오 큰방(칸막이)
1/11/2000 12:00,abofloaz1r@snu.ac.kr,전준우,2000-11467,3학년,법오 작은방(평상),15동 404호(칸막이),15동 403호(칸막이)
1/11/2000 12:00,7yktxg4ahf@snu.ac.kr,여근우,2000-11252,1학년,15동 404호(칸막이),15동 403호(칸막이),국산(칸막이)
1/11/2000 12:00,2zcfzw0lda@snu.ac.kr,한서린,2000-11255,1학년,법오 큰방(칸막이),15동 401호(칸막이),15동 401호(평상)
1/11/2000 12:00,tpac56t4uf@snu.ac.kr,주기영,2000-11130,1학년,법오 큰방(칸막이),15동 401호(평상),국산(칸막이)
1/11/2000 12:00,lgb0s0r2sd@snu.ac.kr,공숙주,2000-11178,1학년,15동 401호(평상),국산(칸막이),법오 큰방(평상)
1/11/2000 12:00,361i2hgj11@snu.ac.kr,조아온,2000-11170,1학년,15동 404호(칸막이),법오 큰방(칸막이),법오 큰방(평상)
1/11/2000 12:00,zp6swk2rv2@snu.ac.kr,우아아,2000-11331,2학년,15동 404호(칸막이),국산(칸막이),법오 큰방(칸막이)
1/11/2000 12:00,5wnwlc83gy@snu.ac.kr,석미빛,2000-11403,2학년,15동 404호(칸막이),법오 큰방(칸막이),법오 작은방(평상)
1/11/2000 12:00,u6l2ink4fk@snu.ac.kr,길현안,2000-11490,3학년,국산(칸막이),15동 403호(평상),법오 큰방(칸막이)
1/11/2000 12:00,j98cwn2y8f@snu.ac.kr,공아호,2000-11208,1학년,15동 404호(칸막이),15동 403호(평상),법오 골방(칸막이)
1/11/2000 12:00,tqvdz4x1zh@snu.ac.kr,채미지,2000-11180,1학년,법오 작은방(평상),법오 큰방(칸막이),15동 404호(칸막이)
1/11/2000 12:00,soqz3mv1a0@snu.ac.kr,강루태,2000-11546,3학년,15동 401호(평상),15동 404호(칸막이),국산(칸막이)
1/11/2000 12:00,zophgft4mp@snu.ac.kr,석은연,2000-11452,3학년,법오 큰방(칸막이),국산(칸막이),법오 작은방(평상)
1/11/2000 12:00,34jtgxnx4s@snu.ac.kr,신다시,2000-11365,2학년,법오 작은방(평상),국산(칸막이),15동 401호(평상)
1/11/2000 12:00,fxzv4u3bbx@snu.ac.kr,고아하,2000-11215,1학년,15동 403호(칸막이),15동 404호(칸막이),15동 401호(칸막이)
1/11/2000 12:00,1hssbelrqv@snu.ac.kr,천수준,2000-11221,1학년,15동 401호(평상),법오 큰방(칸막이),15동 404호(칸막이)
1/11/2000 12:00,jmu3momyvu@snu.ac.kr,서재윤,2000-11387,2학년,15동 404호(칸막이),법오 작은방(평상),국산(칸막이)
1/11/2000 12:00,ciildy5egt@snu.ac.kr,공은윤,2000-11516,3학년,법오 큰방(평상),15동 404호(칸막이),법오 작은방(평상)
1/11/2000 12:00,widqj4bwvf@snu.ac.kr,박수윤,2000-11532,3학년,국산(칸막이),법오 큰방(칸막이),15동 404호(칸막이)
1/11/2000 12:00,vfgyw6zbnz@snu.ac.kr,천서별,2000-11197,1학년,국산(칸막이),15동 401호(칸막이),15동 404호(칸막이)
1/11/2000 12:00,9heyce4qgm@snu.ac.kr,손우준,2000-11480,3학년,15동 404호(칸막이),법오 작은방(평상),15동 403호(칸막이)
1/11/2000 12:00,m4t8bp6nln@snu.ac.kr,석남세,2000-11513,3학년,15동 401호(평상),법오 큰방(평상),15동 404호(칸막이)
1/11/2000 12:00,1oe5ei28ds@snu.ac.kr,나유하,2000-11374,2학년,15동 404호(칸막이),15동 403호(평상),법오 작은방(평상)
1/11/2000 12:00,mlfzkicwmp@snu.ac.kr,신동세,2000-11443,3학년,법오 큰방(칸막이),15동 404호(칸막이),15동 401호(칸막이)
1/11/2000 12:00,sgehn0z1r5@snu.ac.kr,신아진,2000-11557,3학년,법오 큰방(칸막이),15동 401호(칸막이),15동 404호(칸막이)
1/11/2000 12:00,292mtr6sng@snu.ac.kr,노우아,2000-11298,2학년,법오 큰방(칸막이),법오 작은방(평상),국산(칸막이)
1/11/2000 12:00,ppohswq40z@snu.ac.kr,권꽃하,2000-11224,1학년,15동 401호(평상),15동 404호(칸막이),국산(칸막이)
1/11/2000 12:00,9hbn5elb45@snu.ac.kr,서바결,2000-11441,3학년,법오 작은방(평상),국산(칸막이),법오 큰방(칸막이)
1/11/2000 12:00,gpxahkudiz@snu.ac.kr,조도도,2000-11530,3학년,15동 404호(칸막이),15동 401호(평상),법오 큰방(평상)
1/11/2000 12:00,qs3qt36qny@snu.ac.kr,장담하,2000-11487,3학년,15동 404호(칸막이),국산(칸막이),15동 401호(칸막이)
1/11/2000 12:00,ryf0992qc6@snu.ac.kr,현상하,2000-11455,3학년,법오 큰방(칸막이),15동 404호(칸막이),15동 403호(칸막이)
1/11/2000 12:00,agrp2u4dtb@snu.ac.kr,여재우,2000-11251,1학년,법오 큰방(칸막이),국산(칸막이),15동 404호(칸막이)
1/11/2000 12:00,1kht8xkody@snu.ac.kr,천아현,2000-11469,3학년,15동 401호(평상),국산(칸막이),법오 작은방(평상)
1/11/2000 12:00,c6k8djzr5s@snu.ac.kr,손현율,2000-11488,3학년,15동 404호(칸막이),법오 큰방(칸막이),국산(칸막이)
1/11/2000 12:00,eget1ghr09@snu.ac.kr,나임혜,2000-11151,1학년,15동 401호(칸막이),법오 큰방(칸막이),법오 큰방(평상)
1/11/2000 12:00,gnekrcpprc@snu.ac.kr,노지다,2000-11257,1학년,법오 큰방(칸막이),법오 작은방(평상),15동 404호(칸막이)
1/11/2000 12:00,1bwye6qvs8@snu.ac.kr,손지태,2000-11342,2학년,법오 골방(칸막이),15동 404호(칸막이),법오 작은방(평상)
1/11/2000 12:00,8hmbr5xqt4@snu.ac.kr,석온현,2000-11219,1학년,법오 작은방(평상),국산(칸막이),15동 404호(칸막이)
1/11/2000 12:00,solmlgses6@snu.ac.kr,설주하,2000-11189,1학년,법오 큰방(칸막이),15동 404호(칸막이),국산(칸막이)
1/11/2000 12:00,q9tea7187f@snu.ac.kr,방한담,2000-11492,3학년,국산(칸막이),15동 401호(평상),법오 작은방(평상)
1/11/2000 12:00,j3bqrr87iy@snu.ac.kr,방호도,2000-11460,3학년,법오 작은방(평상),법오 큰방(칸막이),15동 404호(칸막이)
1/11/2000 12:00,bne6loh25n@snu.ac.kr,강건서,2000-11171,1학년,15동 401호(평상),법오 큰방(칸막이),법오 작은방(평상)
1/11/2000 12:00,zyrru7zkut@snu.ac.kr,유시유,2000-11226,1학년,국산(칸막이),법오 큰방(칸막이),15동 401호(평상)
1/11/2000 12:00,m9lbb4m0a6@snu.ac.kr,변아결,2000-11515,3학년,법오 작은방(평상),법오 큰방(칸막이),15동 403호(칸막이)
1/11/2000 12:00,4d4r9v4k00@snu.ac.kr,고유안,2000-11481,3학년,법오 큰방(칸막이),15동 401호(평상),15동 404호(칸막이)
1/11/2000 12:00,pnmjqy3ods@snu.ac.kr,나도용,2000-11320,2학년,15동 404호(칸막이),국산(칸막이),법오 큰방(칸막이)
1/11/2000 12:00,rtj5pht0hl@snu.ac.kr,안찬이,2000-11120,1학년,국산(칸막이),15동 403호(칸막이),법오 작은방(평상)
1/11/2000 12:00,mcxxbw01pd@snu.ac.kr,구원준,2000-11277,2학년,법오 큰방(칸막이),법오 작은방(평상),법오 큰방(평상)
1/11/2000 12:00,hw9c4hjku2@snu.ac.kr,유준호,2000-11518,3학년,15동 404호(칸막이),국산(칸막이),법오 작은방(평상)
1/11/2000 12:00,c21o0z5qru@snu.ac.kr,편찬재,2000-11274,2학년,15동 404호(칸막이),국산(칸막이),법오 큰방(평상)
1/11/2000 12:00,uytaul62cf@snu.ac.kr,윤다시,2000-11438,3학년,15동 404호(칸막이),법오 큰방(칸막이),법오 작은방(평상)
1/11/2000 12:00,0dxho87f00@snu.ac.kr,정들현,2000-11398,2학년,15동 401호(칸막이),법오 큰방(칸막이),15동 404호(칸막이)
1/11/2000 12:00,8croyr6ccv@snu.ac.kr,유현도,2000-11179,1학년,법오 큰방(평상),법오 큰방(칸막이),15동 404호(칸막이)
1/11/2000 12:00,d2zdlx1q8f@snu.ac.kr,곽나별,2000-11445,3학년,국산(칸막이),법오 큰방(칸막이),15동 401호(평상)
1/11/2000 12:00,w9y80pfsrq@snu.ac.kr,주율온,2000-11566,3학년,국산(칸막이),15동 401호(평상),15동 401호(칸막이)
1/11/2000 12:00,f0votqtxhi@snu.ac.kr,유담가,2000-11234,1학년,15동 404호(칸막이),국산(칸막이),법오 큰방(평상)
1/11/2000 12:00,nd6r30ojhe@snu.ac.kr,민이다,2000-11341,2학년,15동 404호(칸막이),법오 큰방(칸막이),국산(칸막이)
1/11/2000 12:00,cyjhu8myik@snu.ac.kr,곽윤이,2000-11359,2학년,법오 큰방(평상),법오 큰방(칸막이),15동 404호(칸막이)
1/11/2000 12:00,gv3z6bz8uu@snu.ac.kr,함서겨,2000-11300,2학년,법오 큰방(칸막이),국산(칸막이),15동 404호(칸막이)
1/11/2000 12:00,z7x4iky3uf@snu.ac.kr,심하예,2000-11564,3학년,법오 작은방(평상),15동 404호(칸막이),법오 큰방(평상)
1/11/2000 12:00,xbz9svn7n1@snu.ac.kr,천빈온,2000-11193,1학년,15동 404호(칸막이),법오 큰방(평상),15동 401호(평상)
1/11/2000 12:00,v2heifjfc2@snu.ac.kr,남일은,2000-11156,1학년,15동 404호(칸막이),15동 403호(칸막이),국산(칸막이)
1/11/2000 12:00,h8lx6dut07@snu.ac.kr,여가예,2000-11229,1학년,국산(칸막이),법오 큰방(칸막이),15동 404호(칸막이)
1/11/2000 12:00,lcqnt3bnvb@snu.ac.kr,노복동,2000-11243,1학년,법오 큰방(평상),15동 404호(칸막이),법오 작은방(평상)
1/11/2000 12:00,e9oe9419qz@snu.ac.kr,송준윤,2000-11238,1학년,법오 작은방(평상),법오 큰방(칸막이),15동 401호(평상)
1/11/2000 12:00,334l1vznqd@snu.ac.kr,위안준,2000-11340,2학년,15동 404호(칸막이),법오 골방(칸막이),법오 큰방(칸막이)
1/11/2000 12:00,k5ogz2ueax@snu.ac.kr,추혜빈,2000-11372,2학년,15동 404호(칸막이),법오 큰방(칸막이),법오 작은방(평상)
1/11/2000 12:00,w4a7fq9p96@snu.ac.kr,조우경,2000-11276,2학년,국산(칸막이),법오 큰방(칸막이),15동 404호(칸막이)
1/11/2000 12:00,1p0vuh17j8@snu.ac.kr,채담은,2000-11408,2학년,법오 작은방(평상),법오 큰방(칸막이),15동 404호(칸막이)
1/11/2000 12:00,lofas1ekty@snu.ac.kr,남율영,2000-11393,2학년,15동 401호(평상),15동 404호(칸막이),법오 큰방(칸막이)
1/11/2000 12:00,5hcbbmhnqo@snu.ac.kr,최겨샘,2000-11317,2학년,국산(칸막이),15동 404호(칸막이),법오 큰방(칸막이)
1/11/2000 12:00,gb7r3ocwbf@snu.ac.kr,추서안,2000-11153,1학년,15동 403호(평상),법오 큰방(칸막이),국산(칸막이)
1/11/2000 12:00,q6ww8yl68n@snu.ac.kr,권윤하,2000-11352,2학년,15동 401호(칸막이),법오 큰방(칸막이),국산(칸막이)
1/11/2000 12:00,y2itl8n3e5@snu.ac.kr,정찬호,2000-11527,3학년,15동 404호(칸막이),법오 큰방(칸막이),국산(칸막이)
1/11/2000 12:00,buov6tt9q1@snu.ac.kr,박온우,2000-11362,2학년,법오 큰방(칸막이),법오 작은방(평상),15동 404호(칸막이)
1/11/2000 12:00,j3l0xzamky@snu.ac.kr,송온빈,2000-11231,1학년,법오 큰방(칸막이),15동 404호(칸막이),15동 403호(평상)
1/11/2000 12:00,rc6zs62ywe@snu.ac.kr,여지숙,2000-11311,2학년,15동 404호(칸막이),법오 큰방(칸막이),국산(칸막이)
1/11/2000 12:00,yymu5907if@snu.ac.kr,강준석,2000-11131,1학년,15동 404호(칸막이),법오 큰방(칸막이),법오 작은방(평상)
1/11/2000 12:00,qfwwxr5rdn@snu.ac.kr,양용달,2000-11297,2학년,법오 작은방(평상),15동 404호(칸막이),15동 403호(칸막이)
1/11/2000 12:00,uplvqexuyh@snu.ac.kr,남수자,2000-11421,2학년,법오 큰방(칸막이),15동 404호(칸막이),국산(칸막이)
1/11/2000 12:00,7g0iiji44m@snu.ac.kr,우봄지,2000-11381,2학년,15동 404호(칸막이),법오 큰방(평상),법오 큰방(칸막이)
1/11/2000 12:00,azrp9dxoq2@snu.ac.kr,이예윤,2000-11453,3학년,15동 404호(칸막이),법오 큰방(칸막이),법오 큰방(평상)
1/11/2000 12:00,sojuv0gyub@snu.ac.kr,유결찬,2000-11241,1학년,법오 큰방(칸막이),15동 404호(칸막이),법오 작은방(평상)
1/11/2000 12:00,98brzva9wd@snu.ac.kr,유광혜,2000-11581,졸업생,법오 큰방(칸막이),15동 404호(칸막이),법오 큰방(평상)
1/11/2000 12:00,uyo57p6bkl@snu.ac.kr,윤주아,2000-11182,1학년,법오 큰방(칸막이),15동 404호(칸막이),법오 큰방(평상)
1/11/2000 12:00,k43safyh1f@snu.ac.kr,편한하,2000-11346,2학년,법오 큰방(칸막이),법오 작은방(평상),국산(칸막이)
1/11/2000 12:00,pw232utvg9@snu.ac.kr,방시우,2000-11272,2학년,법오 큰방(칸막이),15동 404호(칸막이),국산(칸막이)
1/11/2000 12:00,r0i2fkxwex@snu.ac.kr,유율안,2000-11498,3학년,법오 큰방(칸막이),법오 작은방(평상),국산(칸막이)
1/11/2000 12:00,jvdpngwds9@snu.ac.kr,연윤람,2000-11544,3학년,15동 404호(칸막이),15동 401호(평상),15동 401호(칸막이)
1/11/2000 12:00,xufctzg4fb@snu.ac.kr,송지한,2000-11422,2학년,법오 큰방(칸막이),국산(칸막이),15동 404호(칸막이)
1/11/2000 12:00,rmjkv5usgi@snu.ac.kr,도현봄,2000-11149,1학년,법오 작은방(평상),15동 404호(칸막이),법오 큰방(칸막이)
1/11/2000 12:00,7azv2efuu8@snu.ac.kr,구다현,2000-11313,2학년,법오 큰방(칸막이),법오 큰방(평상),15동 404호(칸막이)
1/11/2000 12:00,jwjj0v60xn@snu.ac.kr,석솔달,2000-11458,3학년,법오 큰방(칸막이),15동 404호(칸막이),법오 작은방(평상)
1/11/2000 12:00,4izasnwywr@snu.ac.kr,김은온,2000-11248,1학년,15동 401호(평상),법오 골방(칸막이),15동 404호(칸막이)
1/11/2000 12:00,ai9hasez2n@snu.ac.kr,손새진,2000-11329,2학년,15동 404호(칸막이),15동 401호(칸막이),법오 작은방(평상)
1/11/2000 12:00,zy7ez9gtwz@snu.ac.kr,배석아,2000-11345,2학년,15동 404호(칸막이),법오 작은방(평상),법오 큰방(칸막이)
1/11/2000 12:00,gaz5uh80q7@snu.ac.kr,위윤이,2000-11520,3학년,15동 401호(칸막이),15동 404호(칸막이),15동 401호(평상)
1/11/2000 12:00,pengwyx9tr@snu.ac.kr,류마윤,2000-11268,2학년,법오 큰방(칸막이),15동 401호(평상),15동 404호(칸막이)
1/11/2000 12:00,t18s1saxt8@snu.ac.kr,한샘서,2000-11571,3학년,법오 큰방(칸막이),법오 작은방(평상),15동 404호(칸막이)
1/11/2000 12:00,i8qoagsusm@snu.ac.kr,방하용,2000-11378,2학년,법오 큰방(칸막이),15동 404호(칸막이),법오 작은방(평상)
1/11/2000 12:00,yyv37dia5u@snu.ac.kr,황태규,2000-11173,1학년,국산(칸막이),법오 큰방(칸막이),법오 큰방(평상)
1/11/2000 12:00,795e5iz31y@snu.ac.kr,서담은,2000-11273,2학년,15동 401호(평상),15동 404호(칸막이),법오 큰방(칸막이)
1/11/2000 12:00,7wwbslulzf@snu.ac.kr,남준채,2000-11412,2학년,15동 404호(칸막이),국산(칸막이),15동 403호(칸막이)
1/11/2000 12:00,g8pwy55p1v@snu.ac.kr,배동정,2000-11425,3학년,15동 404호(칸막이),15동 401호(평상),법오 큰방(칸막이)
1/11/2000 12:00,sqt26q3xlr@snu.ac.kr,오아지,2000-11192,1학년,법오 큰방(칸막이),법오 큰방(평상),법오 작은방(평상)
1/11/2000 12:00,sdnai89y1f@snu.ac.kr,민담유,2000-11363,2학년,법오 큰방(칸막이),15동 404호(칸막이),15동 401호(평상)
1/11/2000 12:00,jcns6g298c@snu.ac.kr,노수연,2000-11288,2학년,법오 작은방(평상),법오 큰방(칸막이),국산(칸막이)
1/11/2000 12:00,zwd0w9ry79@snu.ac.kr,제사석,2000-11434,3학년,법오 큰방(칸막이),15동 404호(칸막이),법오 작은방(평상)
1/11/2000 12:00,0mftg698s4@snu.ac.kr,마현롬,2000-11247,1학년,법오 큰방(평상),15동 404호(칸막이),법오 큰방(칸막이)
1/11/2000 12:00,645vdb8281@snu.ac.kr,강수종,2000-11556,3학년,국산(칸막이),15동 404호(칸막이),법오 작은방(평상)
1/11/2000 12:00,aoaxqox00k@snu.ac.kr,신호하,2000-11548,3학년,15동 404호(칸막이),15동 401호(평상),법오 작은방(평상)
1/11/2000 12:00,5jxurgowyo@snu.ac.kr,신늘하,2000-11314,2학년,법오 작은방(평상),국산(칸막이),15동 404호(칸막이)
1/11/2000 12:00,n8lpy857nz@snu.ac.kr,윤윤하,2000-11526,3학년,15동 404호(칸막이),법오 골방(칸막이),국산(칸막이)
1/11/2000 12:00,b3d5050ui2@snu.ac.kr,민동세,2000-11347,2학년,15동 404호(칸막이),법오 큰방(칸막이),15동 403호(평상)
1/11/2000 12:00,8tb38wxgc7@snu.ac.kr,노늘예,2000-11576,졸업생,법오 큰방(칸막이),15동 401호(평상),15동 404호(칸막이)
1/11/2000 12:00,pnsm43d8w3@snu.ac.kr,강하하,2000-11147,1학년,15동 404호(칸막이),법오 큰방(칸막이),국산(칸막이)
1/11/2000 12:00,gzvrctlt4q@snu.ac.kr,손온영,2000-11470,3학년,국산(칸막이),법오 큰방(평상),법오 큰방(칸막이)
1/11/2000 12:00,kl1cq99chj@snu.ac.kr,안윤윤,2000-11127,1학년,국산(칸막이),15동 404호(칸막이),15동 401호(평상)
1/11/2000 12:00,lem1qq4d3k@snu.ac.kr,고재빈,2000-11293,2학년,15동 404호(칸막이),법오 작은방(평상),법오 큰방(칸막이)
1/11/2000 12:00,raffz8q4vh@snu.ac.kr,유유한,2000-11550,3학년,15동 403호(칸막이),15동 404호(칸막이),법오 큰방(평상)
1/11/2000 12:00,0km3tzk3ny@snu.ac.kr,홍서아,2000-11222,1학년,국산(칸막이),15동 401호(평상),15동 404호(칸막이)
1/11/2000 12:00,ianouof0on@snu.ac.kr,설채지,2000-11394,2학년,법오 큰방(칸막이),15동 403호(칸막이),법오 작은방(평상)
1/11/2000 12:00,xo100vhmyg@snu.ac.kr,우경복,2000-11462,3학년,15동 401호(칸막이),15동 404호(칸막이),15동 403호(칸막이)
1/11/2000 12:00,t04chsding@snu.ac.kr,윤아종,2000-11406,2학년,15동 404호(칸막이),법오 작은방(평상),국산(칸막이)
1/11/2000 12:00,ouhylu6k7p@snu.ac.kr,연하채,2000-11450,3학년,국산(칸막이),법오 큰방(칸막이),법오 큰방(평상)
1/11/2000 12:00,iviss8jltc@snu.ac.kr,황호풀,2000-11574,졸업생,법오 큰방(평상),15동 404호(칸막이),국산(칸막이)
1/11/2000 12:00,x8fk2076vm@snu.ac.kr,함진소,2000-11543,3학년,법오 큰방(칸막이),15동 401호(칸막이),법오 작은방(평상)
1/11/2000 12:00,7qy8yb7w8p@snu.ac.kr,설윤유,2000-11461,3학년,국산(칸막이),15동 404호(칸막이),법오 큰방(칸막이)
1/11/2000 12:00,ztp7bd4w1a@snu.ac.kr,류수롬,2000-11474,3학년,15동 401호(평상),법오 골방(칸막이),법오 큰방(칸막이)
1/11/2000 12:00,g5vmf60ykn@snu.ac.kr,마지민,2000-11318,2학년,법오 큰방(칸막이),15동 404호(칸막이),국산(칸막이)
1/11/2000 12:00,hza7x73qxm@snu.ac.kr,하성준,2000-11405,2학년,15동 404호(칸막이),국산(칸막이),15동 401호(평상)
1/11/2000 12:00,yv3lxchfu1@snu.ac.kr,장윤태,2000-11449,3학년,15동 404호(칸막이),15동 401호(칸막이),15동 401호(평상)
1/11/2000 12:00,88qeoz0kz4@snu.ac.kr,노용연,2000-11344,2학년,15동 404호(칸막이),국산(칸막이),법오 작은방(평상)
1/11/2000 12:00,vm4w3zkwde@snu.ac.kr,함시서,2000-11267,2학년,법오 큰방(칸막이),15동 401호(평상),법오 작은방(평상)
1/11/2000 12:00,p8637zgf9q@snu.ac.kr,민소아,2000-11218,1학년,15동 404호(칸막이),법오 큰방(칸막이),법오 큰방(평상)
1/11/2000 12:00,1tbrwr965r@snu.ac.kr,도아서,2000-11382,2학년,국산(칸막이),15동 404호(칸막이),법오 큰방(칸막이)
1/11/2000 12:00,kblcmpioyg@snu.ac.kr,길새윤,2000-11167,1학년,법오 큰방(칸막이),15동 404호(칸막이),법오 작은방(평상)
1/11/2000 12:00,jicjdan085@snu.ac.kr,원민지,2000-11305,2학년,15동 401호(평상),법오 큰방(칸막이),15동 404호(칸막이)
1/11/2000 12:00,egbl2qgv3d@snu.ac.kr,강옥예,2000-11472,3학년,15동 401호(평상),15동 404호(칸막이),법오 큰방(칸막이)
1/11/2000 12:00,imvihcwi64@snu.ac.kr,연주순,2000-11121,1학년,법오 큰방(평상),법오 큰방(칸막이),15동 404호(칸막이)
1/11/2000 12:00,eaea84hxxp@snu.ac.kr,석안율,2000-11549,3학년,15동 404호(칸막이),15동 401호(칸막이),법오 큰방(칸막이)
1/11/2000 12:00,dn5gjj8mgp@snu.ac.kr,백미하,2000-11384,2학년,법오 작은방(평상),15동 404호(칸막이),법오 큰방(칸막이)
1/11/2000 12:00,zezqacj4t0@snu.ac.kr,정유하,2000-11201,1학년,15동 401호(칸막이),법오 큰방(칸막이),15동 401호(평상)
1/11/2000 12:00,05uirodxmo@snu.ac.kr,허세별,2000-11122,1학년,15동 404호(칸막이),법오 큰방(평상),15동 401호(평상)
1/11/2000 12:00,ov51zlbori@snu.ac.kr,고지아,2000-11439,3학년,15동 401호(평상),국산(칸막이),법오 큰방(칸막이)
1/11/2000 12:00,ixwc4rtwuz@snu.ac.kr,유희성,2000-11202,1학년,법오 큰방(칸막이),법오 골방(칸막이),15동 403호(평상)
1/11/2000 12:00,eouuylajah@snu.ac.kr,연재태,2000-11236,1학년,법오 큰방(평상),법오 작은방(평상),15동 404호(칸막이)
1/11/2000 12:00,1vgll42jzn@snu.ac.kr,손은봄,2000-11501,3학년,15동 401호(칸막이),법오 작은방(평상),법오 큰방(칸막이)
1/11/2000 12:00,e6wtlrj4bd@snu.ac.kr,문빈온,2000-11386,2학년,법오 큰방(칸막이),법오 작은방(평상),15동 401호(칸막이)
1/11/2000 12:00,qxlm5q201l@snu.ac.kr,채소미,2000-11245,1학년,법오 큰방(칸막이),15동 401호(평상),법오 큰방(평상)
1/11/2000 12:00,agvlkw1xsr@snu.ac.kr,장온결,2000-11512,3학년,15동 401호(평상),법오 큰방(칸막이),15동 404호(칸막이)
1/11/2000 12:00,57oonncild@snu.ac.kr,오광재,2000-11200,1학년,15동 404호(칸막이),법오 큰방(칸막이),법오 큰방(평상)
1/11/2000 12:00,pusddtv25a@snu.ac.kr,안율빛,2000-11256,1학년,법오 작은방(평상),15동 404호(칸막이),15동 401호(칸막이)
1/11/2000 12:00,mlxzvo5270@snu.ac.kr,임아기,2000-11389,2학년,15동 401호(평상),법오 작은방(평상),법오 큰방(칸막이)
1/11/2000 12:00,2atn2twdl9@snu.ac.kr,배온숙,2000-11212,1학년,15동 404호(칸막이),법오 작은방(평상),15동 403호(평상)
1/11/2000 12:00,55hewlgje2@snu.ac.kr,유들이,2000-11399,2학년,법오 골방(칸막이),법오 큰방(평상),15동 404호(칸막이)
1/11/2000 12:00,hxs75t0ic0@snu.ac.kr,강진주,2000-11471,3학년,15동 401호(평상),법오 골방(칸막이),국산(칸막이)
1/11/2000 12:00,c2ihoy7dv7@snu.ac.kr,송희윤,2000-11295,2학년,법오 큰방(평상),국산(칸막이),법오 큰방(칸막이)
1/11/2000 12:00,0b8y5dnwng@snu.ac.kr,한서윤,2000-11485,3학년,15동 403호(평상),법오 큰방(평상),15동 404호(칸막이)
1/11/2000 12:00,rr5pcxa5s0@snu.ac.kr,최환별,2000-11336,2학년,15동 404호(칸막이),법오 큰방(칸막이),국산(칸막이)
1/11/2000 12:00,gol0w82lk2@snu.ac.kr,배가도,2000-11259,1학년,법오 큰방(칸막이),국산(칸막이),법오 작은방(평상)
1/11/2000 12:00,muekipu1wy@snu.ac.kr,추명태,2000-11183,1학년,15동 403호(평상),15동 404호(칸막이),법오 작은방(평상)
1/11/2000 12:00,qk94dnmkza@snu.ac.kr,선태임,2000-11169,1학년,15동 404호(칸막이),법오 큰방(칸막이),법오 골방(칸막이)
1/11/2000 12:00,03o4gkwwjw@snu.ac.kr,우소예,2000-11395,2학년,법오 큰방(칸막이),법오 골방(칸막이),법오 큰방(평상)
1/11/2000 12:00,o7uubcxulj@snu.ac.kr,장한숙,2000-11126,1학년,15동 404호(칸막이),법오 큰방(칸막이),법오 작은방(평상)
1/11/2000 12:00,sym0jbwcv6@snu.ac.kr,이은경,2000-11463,3학년,법오 큰방(칸막이),15동 404호(칸막이),법오 큰방(평상)
1/11/2000 12:00,wk0yehvdo9@snu.ac.kr,강하기,2000-11554,3학년,법오 큰방(칸막이),법오 작은방(평상),법오 큰방(평상)
1/11/2000 12:00,gc4ryg9rdp@snu.ac.kr,제채린,2000-11509,3학년,15동 404호(칸막이),법오 큰방(평상),법오 큰방(칸막이)
1/11/2000 12:00,63lbqgu3ob@snu.ac.kr,길찬원,2000-11296,2학년,15동 404호(칸막이),법오 큰방(칸막이),법오 작은방(평상)
1/11/2000 12:00,q4fmyzycwt@snu.ac.kr,서미달,2000-11114,1학년,법오 큰방(칸막이),15동 404호(칸막이),법오 작은방(평상)
1/11/2000 12:00,z7bh25llo3@snu.ac.kr,양담정,2000-11205,1학년,15동 401호(평상),법오 큰방(평상),15동 404호(칸막이)
1/11/2000 12:00,6a3kkrzd5e@snu.ac.kr,조람종,2000-11315,2학년,국산(칸막이),법오 작은방(평상),15동 404호(칸막이)
1/11/2000 12:00,b6txki3oqy@snu.ac.kr,편서우,2000-11216,1학년,법오 큰방(칸막이),15동 403호(칸막이),15동 404호(칸막이)
1/11/2000 12:00,xg8y72ivgl@snu.ac.kr,설우나,2000-11303,2학년,15동 404호(칸막이),법오 큰방(칸막이),국산(칸막이)
1/11/2000 12:00,906gnhh4oi@snu.ac.kr,탁윤아,2000-11510,3학년,15동 401호(평상),15동 401호(칸막이),15동 404호(칸막이)
1/11/2000 12:00,g2y8rgybxk@snu.ac.kr,백용호,2000-11477,3학년,15동 401호(평상),법오 큰방(칸막이),15동 404호(칸막이)
1/11/2000 12:00,09dcnwmbxe@snu.ac.kr,주자안,2000-11563,3학년,법오 큰방(칸막이),15동 404호(칸막이),15동 401호(평상)
1/11/2000 12:00,ouhtcs1k9y@snu.ac.kr,탁준우,2000-11220,1학년,법오 큰방(칸막이),국산(칸막이),15동 401호(평상)
1/11/2000 12:00,q9c80ebkjf@snu.ac.kr,배샘린,2000-11349,2학년,15동 404호(칸막이),법오 골방(칸막이),법오 큰방(칸막이)
1/11/2000 12:00,6iidlrye89@snu.ac.kr,노성윤,2000-11228,1학년,법오 큰방(칸막이),15동 404호(칸막이),국산(칸막이)
1/11/2000 12:00,lg6mm1zxyv@snu.ac.kr,추사찬,2000-11225,1학년,법오 큰방(칸막이),법오 작은방(평상),15동 404호(칸막이)
1/11/2000 12:00,v3a3zmf8md@snu.ac.kr,편광민,2000-11112,1학년,법오 큰방(칸막이),국산(칸막이),15동 404호(칸막이)
1/11/2000 12:00,jx8uibrsz1@snu.ac.kr,최지람,2000-11223,1학년,법오 작은방(평상),15동 404호(칸막이),법오 큰방(칸막이)
1/11/2000 12:00,b1ijiys2n7@snu.ac.kr,류온준,2000-11364,2학년,국산(칸막이),법오 큰방(평상),15동 404호(칸막이)
1/11/2000 12:00,253j2d54i3@snu.ac.kr,문윤은,2000-11132,1학년,법오 작은방(평상),법오 큰방(칸막이),15동 404호(칸막이)
1/11/2000 12:00,1do6ouz1eg@snu.ac.kr,원정아,2000-11497,3학년,법오 작은방(평상),15동 404호(칸막이),법오 큰방(평상)
1/11/2000 12:00,0z3nx39rbs@snu.ac.kr,제우연,2000-11164,1학년,15동 404호(칸막이),국산(칸막이),15동 401호(평상)
1/11/2000 12:00,dyk0x65muf@snu.ac.kr,원정서,2000-11194,1학년,법오 큰방(칸막이),국산(칸막이),15동 404호(칸막이)
1/11/2000 12:00,hlv76mf4nn@snu.ac.kr,오루서,2000-11495,3학년,법오 큰방(칸막이),15동 401호(평상),국산(칸막이)
1/11/2000 12:00,5nkb4ehou6@snu.ac.kr,손라주,2000-11325,2학년,법오 작은방(평상),법오 큰방(칸막이),15동 404호(칸막이)
1/11/2000 12:00,rrpzlk3e4x@snu.ac.kr,위동다,2000-11264,2학년,15동 404호(칸막이),법오 큰방(칸막이),국산(칸막이)
1/11/2000 12:00,q3b9so0usw@snu.ac.kr,정다태,2000-11426,3학년,법오 큰방(평상),법오 작은방(평상),15동 401호(평상)
1/11/2000 12:00,62rzv1sqqq@snu.ac.kr,나예재,2000-11569,3학년,15동 404호(칸막이),법오 큰방(칸막이),국산(칸막이)
1/11/2000 12:00,f1irym81cm@snu.ac.kr,여태지,2000-11400,2학년,법오 큰방(칸막이),15동 404호(칸막이),법오 큰방(평상)
1/11/2000 12:00,xdqc2k9yki@snu.ac.kr,도사우,2000-11545,3학년,15동 401호(평상),15동 404호(칸막이),법오 작은방(평상)
1/11/2000 12:00,vn8lfjdtvv@snu.ac.kr,서온희,2000-11280,2학년,15동 404호(칸막이),15동 401호(평상),국산(칸막이)
1/11/2000 12:00,tplc6prr7m@snu.ac.kr,마혜혁,2000-11552,3학년,15동 404호(칸막이),법오 골방(칸막이),법오 큰방(칸막이)
1/11/2000 12:00,7v1w4k2tcz@snu.ac.kr,전진래,2000-11350,2학년,15동 401호(칸막이),국산(칸막이),법오 작은방(평상)
1/11/2000 12:00,tz91x70fql@snu.ac.kr,선승동,2000-11354,2학년,법오 큰방(칸막이),법오 큰방(평상),15동 404호(칸막이)
1/11/2000 12:00,p9gkdlkqzf@snu.ac.kr,한예아,2000-11207,1학년,법오 작은방(평상),15동 401호(평상),15동 404호(칸막이)
1/11/2000 12:00,dtoz5sthsl@snu.ac.kr,탁들안,2000-11562,3학년,법오 작은방(평상),15동 404호(칸막이),법오 골방(칸막이)
1/11/2000 12:00,7u6n7hv3iz@snu.ac.kr,신하수,2000-11146,1학년,법오 큰방(칸막이),15동 404호(칸막이),국산(칸막이)
1/11/2000 12:00,f7i8skch8j@snu.ac.kr,전안새,2000-11214,1학년,15동 404호(칸막이),법오 작은방(평상),법오 큰방(평상)
1/11/2000 12:00,xqym52xg8p@snu.ac.kr,임찬연,2000-11213,1학년,국산(칸막이),법오 큰방(평상),법오 큰방(칸막이)
1/11/2000 12:00,89yztkkfzz@snu.ac.kr,길율지,2000-11211,1학년,법오 큰방(칸막이),15동 401호(칸막이),법오 작은방(평상)
1/11/2000 12:00,a4abn7g8b2@snu.ac.kr,권선마,2000-11287,2학년,15동 404호(칸막이),법오 작은방(평상),법오 큰방(칸막이)
1/11/2000 12:00,nbhnal3gyw@snu.ac.kr,탁린가,2000-11327,2학년,법오 큰방(칸막이),15동 404호(칸막이),법오 작은방(평상)
1/11/2000 12:00,pob7fu9925@snu.ac.kr,진하새,2000-11560,3학년,국산(칸막이),법오 작은방(평상),15동 404호(칸막이)
1/11/2000 12:00,jvoegi3qup@snu.ac.kr,신윤기,2000-11522,3학년,15동 404호(칸막이),법오 큰방(평상),법오 큰방(칸막이)
1/11/2000 12:00,g6v5t1dx6t@snu.ac.kr,전아도,2000-11370,2학년,법오 골방(칸막이),국산(칸막이),15동 404호(칸막이)
1/11/2000 12:00,mf36bcpwei@snu.ac.kr,박준남,2000-11555,3학년,법오 큰방(칸막이),15동 401호(평상),15동 403호(칸막이)
1/11/2000 12:00,q14j1ripzi@snu.ac.kr,연슬람,2000-11140,1학년,법오 큰방(칸막이),국산(칸막이),법오 큰방(평상)
1/11/2000 12:00,mdf7fr91ip@snu.ac.kr,양랑준,2000-11459,3학년,15동 404호(칸막이),법오 큰방(칸막이),15동 403호(칸막이)
1/11/2000 12:00,x2toowt9nm@snu.ac.kr,신현수,2000-11447,3학년,15동 404호(칸막이),법오 작은방(평상),15동 403호(평상)
1/11/2000 12:00,4qdbxvh7ka@snu.ac.kr,최하서,2000-11494,3학년,15동 401호(칸막이),15동 401호(평상),15동 404호(칸막이)
1/11/2000 12:00,83xphx2kbv@snu.ac.kr,신지재,2000-11376,2학년,15동 401호(평상),법오 큰방(칸막이),법오 작은방(평상)
1/11/2000 12:00,41ibljh75l@snu.ac.kr,유환현,2000-11115,1학년,15동 404호(칸막이),법오 큰방(칸막이),국산(칸막이)
1/11/2000 12:00,t199dxj37c@snu.ac.kr,구재하,2000-11299,2학년,국산(칸막이),법오 큰방(칸막이),15동 404호(칸막이)
1/11/2000 12:00,a07h23c42y@snu.ac.kr,양지이,2000-11260,1학년,법오 큰방(칸막이),15동 401호(평상),법오 작은방(평상)
1/11/2000 12:00,jczucqmrun@snu.ac.kr,최윤린,2000-11286,2학년,법오 큰방(칸막이),법오 큰방(평상),15동 404호(칸막이)
1/11/2000 12:00,sq7aitmofm@snu.ac.kr,오빛들,2000-11419,2학년,법오 큰방(칸막이),15동 404호(칸막이),법오 작은방(평상)
1/11/2000 12:00,rhnuxorzpg@snu.ac.kr,조준지,2000-11269,2학년,15동 403호(평상),15동 404호(칸막이),법오 큰방(칸막이)
1/11/2000 12:00,tom5xlk8wr@snu.ac.kr,석슬수,2000-11351,2학년,15동 403호(평상),15동 404호(칸막이),법오 작은방(평상)
1/11/2000 12:00,epkyrybova@snu.ac.kr,우철루,2000-11186,1학년,법오 큰방(칸막이),법오 작은방(평상),법오 큰방(평상)
1/11/2000 12:00,nz1udbfwyj@snu.ac.kr,위안슬,2000-11185,1학년,15동 404호(칸막이),법오 큰방(칸막이),15동 401호(평상)
1/11/2000 12:00,yr06nkwfg3@snu.ac.kr,신서현,2000-11388,2학년,법오 큰방(칸막이),15동 404호(칸막이),15동 401호(칸막이)
1/11/2000 12:00,s9kkh4a3yj@snu.ac.kr,신지하,2000-11409,2학년,15동 403호(평상),15동 401호(칸막이),국산(칸막이)
1/11/2000 12:00,a83ru7myow@snu.ac.kr,장세명,2000-11468,3학년,국산(칸막이),법오 큰방(평상),15동 401호(평상)
1/11/2000 12:00,z8obk3g84u@snu.ac.kr,채한원,2000-11294,2학년,15동 401호(칸막이),법오 큰방(칸막이),법오 큰방(평상)
1/11/2000 12:00,ufqymbnw8b@snu.ac.kr,박남기,2000-11500,3학년,법오 큰방(칸막이),15동 404호(칸막이),법오 큰방(평상)
1/11/2000 12:00,vjtuw9ohtu@snu.ac.kr,전린예,2000-11373,2학년,법오 큰방(칸막이),15동 404호(칸막이),15동 401호(평상)
1/11/2000 12:00,xgmpw5d3go@snu.ac.kr,강지온,2000-11334,2학년,국산(칸막이),법오 큰방(칸막이),15동 401호(평상)
1/11/2000 12:00,qfj6ijkuuh@snu.ac.kr,전도영,2000-11410,2학년,법오 큰방(평상),법오 큰방(칸막이),15동 404호(칸막이)
1/11/2000 12:00,yvgv0e7450@snu.ac.kr,손이예,2000-11582,졸업생,법오 큰방(칸막이),국산(칸막이),법오 골방(칸막이)
1/11/2000 12:00,zz0jdcli69@snu.ac.kr,석환훈,2000-11535,3학년,국산(칸막이),15동 404호(칸막이),법오 작은방(평상)
1/11/2000 12:00,yzcotohp6v@snu.ac.kr,전혜소,2000-11141,1학년,15동 404호(칸막이),국산(칸막이),법오 작은방(평상)
1/11/2000 12:00,xokc1msy4l@snu.ac.kr,남명수,2000-11133,1학년,법오 큰방(평상),국산(칸막이),법오 큰방(칸막이)
1/11/2000 12:00,0llj8yrddp@snu.ac.kr,위하수,2000-11181,1학년,15동 404호(칸막이),법오 큰방(칸막이),법오 큰방(평상)
1/11/2000 12:00,cuctsuflse@snu.ac.kr,연랑이,2000-11235,1학년,법오 큰방(칸막이),15동 404호(칸막이),법오 큰방(평상)
1/11/2000 12:00,5len606n9r@snu.ac.kr,신준성,2000-11206,1학년,15동 401호(평상),국산(칸막이),법오 작은방(평상)
1/11/2000 12:00,5cri8bixoi@snu.ac.kr,석하다,2000-11338,2학년,법오 작은방(평상),15동 404호(칸막이),법오 큰방(칸막이)
1/11/2000 12:00,6eeamyfp9s@snu.ac.kr,권수현,2000-11503,3학년,국산(칸막이),법오 큰방(칸막이),15동 401호(평상)
1/11/2000 12:00,k585x8a5fb@snu.ac.kr,민시결,2000-11357,2학년,15동 403호(칸막이),법오 작은방(평상),15동 404호(칸막이)
1/11/2000 12:00,wgwaj1g1r1@snu.ac.kr,한나윤,2000-11326,2학년,법오 큰방(칸막이),15동 404호(칸막이),15동 401호(칸막이)
1/11/2000 12:00,ijl2z0ljch@snu.ac.kr,설찬별,2000-11292,2학년,15동 404호(칸막이),법오 작은방(평상),법오 큰방(칸막이)
1/11/2000 12:00,fn1r4kz36u@snu.ac.kr,진수채,2000-11242,1학년,국산(칸막이),15동 401호(평상),법오 큰방(칸막이)
1/11/2000 12:00,nbti22nv01@snu.ac.kr,설다빈,2000-11371,2학년,15동 404호(칸막이),법오 큰방(평상),법오 큰방(칸막이)
1/11/2000 12:00,lmy62xrw6t@snu.ac.kr,최겨샘,2000-11437,3학년,법오 작은방(평상),15동 404호(칸막이),법오 큰방(칸막이)
1/11/2000 12:00,dro8bnp84d@snu.ac.kr,전수준,2000-11175,1학년,15동 404호(칸막이),법오 작은방(평상),국산(칸막이)
1/11/2000 12:00,dsc4e5hrdu@snu.ac.kr,제도시,2000-11404,2학년,15동 404호(칸막이),법오 작은방(평상),법오 큰방(칸막이)
1/11/2000 12:00,rnujjq9k6r@snu.ac.kr,권수빛,2000-11210,1학년,법오 큰방(칸막이),국산(칸막이),15동 403호(평상)
1/11/2000 12:00,vob5apo4lj@snu.ac.kr,길빈하,2000-11572,3학년,법오 큰방(칸막이),법오 큰방(평상),법오 작은방(평상)
1/11/2000 12:00,feyuhz1gv0@snu.ac.kr,배은아,2000-11145,1학년,법오 큰방(칸막이),15동 404호(칸막이),국산(칸막이)
1/11/2000 12:00,w2maietdn1@snu.ac.kr,도시율,2000-11476,3학년,15동 401호(칸막이),법오 큰방(칸막이),15동 404호(칸막이)
1/11/2000 12:00,x1gm32wp7i@snu.ac.kr,채하지,2000-11415,2학년,15동 404호(칸막이),법오 큰방(칸막이),국산(칸막이)
1/11/2000 12:00,vnvqjt7ye5@snu.ac.kr,홍지예,2000-11117,1학년,15동 404호(칸막이),15동 401호(칸막이),법오 큰방(칸막이)
1/11/2000 12:00,e3lvo0ipfg@snu.ac.kr,오숙윤,2000-11525,3학년,국산(칸막이),법오 작은방(평상),법오 큰방(칸막이)
1/11/2000 12:00,dz3cc5rqns@snu.ac.kr,손이태,2000-11565,3학년,15동 404호(칸막이),법오 작은방(평상),법오 큰방(칸막이)
1/11/2000 12:00,nnuvy8n1ut@snu.ac.kr,장숙윤,2000-11209,1학년,법오 작은방(평상),15동 404호(칸막이),법오 큰방(칸막이)
1/11/2000 12:00,3dxb3n27m5@snu.ac.kr,마태유,2000-11411,2학년,법오 작은방(평상),국산(칸막이),법오 큰방(칸막이)
1/11/2000 12:00,5apyx4l4oe@snu.ac.kr,하지아,2000-11583,졸업생,15동 401호(평상),15동 401호(칸막이),15동 403호(칸막이)
1/11/2000 12:00,8adf7pchcb@snu.ac.kr,조기윤,2000-11375,2학년,법오 작은방(평상),국산(칸막이),15동 403호(칸막이)
1/11/2000 12:00,psvy74zq50@snu.ac.kr,손하하,2000-11553,3학년,법오 작은방(평상),15동 401호(평상),국산(칸막이)
1/11/2000 12:00,frhocn9j2q@snu.ac.kr,이원숙,2000-11124,1학년,법오 작은방(평상),국산(칸막이),15동 404호(칸막이)
1/11/2000 12:00,tuw6taq6ul@snu.ac.kr,임환시,2000-11456,3학년,법오 작은방(평상),국산(칸막이),법오 큰방(칸막이)
1/11/2000 12:00,doz6wyqmlh@snu.ac.kr,신소호,2000-11444,3학년,15동 404호(칸막이),15동 403호(평상),법오 큰방(평상)
1/11/2000 12:00,1xxlp8ii7e@snu.ac.kr,석주시,2000-11284,2학년,15동 404호(칸막이),법오 큰방(평상),15동 401호(평상)
1/11/2000 12:00,tn7s55j2o7@snu.ac.kr,여옥태,2000-11162,1학년,15동 401호(평상),15동 404호(칸막이),법오 큰방(칸막이)
1/11/2000 12:00,4fieecy2c1@snu.ac.kr,황광찬,2000-11504,3학년,15동 404호(칸막이),법오 큰방(평상),법오 큰방(칸막이)
1/11/2000 12:00,4poru09bos@snu.ac.kr,이승우,2000-11551,3학년,15동 404호(칸막이),국산(칸막이),15동 401호(칸막이)
1/11/2000 12:00,xaypntrfzw@snu.ac.kr,조찬태,2000-11330,2학년,법오 큰방(칸막이),15동 404호(칸막이),15동 403호(평상)
1/11/2000 12:00,89ltajw253@snu.ac.kr,변윤수,2000-11348,2학년,국산(칸막이),15동 404호(칸막이),법오 작은방(평상)
1/11/2000 12:00,96zpxvpbl9@snu.ac.kr,오지지,2000-11307,2학년,법오 작은방(평상),15동 404호(칸막이),국산(칸막이)
1/11/2000 12:00,726yg3dxvl@snu.ac.kr,설율온,2000-11343,2학년,국산(칸막이),법오 큰방(칸막이),15동 404호(칸막이)
1/11/2000 12:00,f0t0pvn9er@snu.ac.kr,위결일,2000-11116,1학년,15동 404호(칸막이),국산(칸막이),법오 큰방(칸막이)
1/11/2000 12:00,pl1qweehwj@snu.ac.kr,류울호,2000-11430,3학년,15동 401호(평상),15동 404호(칸막이),법오 작은방(평상)
1/11/2000 12:00,tixc7urvqt@snu.ac.kr,설나안,2000-11448,3학년,15동 404호(칸막이),법오 큰방(칸막이),국산(칸막이)
1/11/2000 12:00,w9zyn6sjch@snu.ac.kr,주이온,2000-11417,2학년,15동 404호(칸막이),법오 큰방(칸막이),15동 401호(평상)
1/11/2000 12:00,2g05kbkv7m@snu.ac.kr,문영연,2000-11230,1학년,법오 작은방(평상),15동 404호(칸막이),법오 큰방(칸막이)
1/11/2000 12:00,dc9x5jz6kf@snu.ac.kr,신시환,2000-11321,2학년,15동 404호(칸막이),국산(칸막이),15동 401호(평상)
1/11/2000 12:00,0opf060o4v@snu.ac.kr,오철영,2000-11496,3학년,법오 큰방(칸막이),15동 401호(평상),국산(칸막이)
1/11/2000 12:00,fk7y6qxdsg@snu.ac.kr,유유유,2000-11427,3학년,15동 404호(칸막이),국산(칸막이),법오 작은방(평상)
1/11/2000 12:00,w9zjxlh8l6@snu.ac.kr,진지안,2000-11578,졸업생,법오 큰방(칸막이),국산(칸막이),15동 404호(칸막이)
1/11/2000 12:00,xgh30153sf@snu.ac.kr,우수채,2000-11316,2학년,법오 큰방(칸막이),15동 404호(칸막이),법오 큰방(평상)
1/11/2000 12:00,xyfc4kl8cg@snu.ac.kr,서가유,2000-11306,2학년,법오 작은방(평상),15동 404호(칸막이),법오 큰방(칸막이)
1/11/2000 12:00,c9ros7yt2m@snu.ac.kr,전예찬,2000-11261,2학년,국산(칸막이),15동 401호(평상),15동 403호(칸막이)
1/11/2000 12:00,kxwd8il3fb@snu.ac.kr,고이빈,2000-11137,1학년,국산(칸막이),15동 401호(칸막이),15동 404호(칸막이)
1/11/2000 12:00,jotg6jna9z@snu.ac.kr,한한재,2000-11397,2학년,법오 작은방(평상),국산(칸막이),법오 큰방(칸막이)
1/11/2000 12:00,2ooq42nbfa@snu.ac.kr,편선온,2000-11559,3학년,15동 404호(칸막이),국산(칸막이),법오 큰방(평상)
1/11/2000 12:00,700ucrgb93@snu.ac.kr,고영윤,2000-11457,3학년,15동 404호(칸막이),법오 큰방(칸막이),법오 큰방(평상)
1/11/2000 12:00,9rftmttqlg@snu.ac.kr,유주하,2000-11163,1학년,15동 404호(칸막이),법오 작은방(평상),법오 큰방(칸막이)
1/11/2000 12:00,akt7zqht2x@snu.ac.kr,유도하,2000-11561,3학년,15동 404호(칸막이),국산(칸막이),15동 401호(평상)
1/11/2000 12:00,8yit2kodwh@snu.ac.kr,박종안,2000-11575,졸업생,국산(칸막이),법오 큰방(칸막이),15동 404호(칸막이)
1/11/2000 12:00,5kvqywj85g@snu.ac.kr,강빈수,2000-11547,3학년,법오 큰방(칸막이),15동 404호(칸막이),15동 401호(평상)
1/11/2000 12:00,7j2dg1wjui@snu.ac.kr,유영우,2000-11423,3학년,법오 큰방(칸막이),15동 404호(칸막이),법오 작은방(평상)
1/11/2000 12:00,tlpq2wgxo0@snu.ac.kr,노바겨,2000-11265,2학년,국산(칸막이),법오 작은방(평상),법오 큰방(칸막이)
1/11/2000 12:00,i4q2y9v86w@snu.ac.kr,곽성수,2000-11139,1학년,15동 404호(칸막이),법오 큰방(칸막이),국산(칸막이)
1/11/2000 12:00,ywp0rxxf36@snu.ac.kr,천바다,2000-11337,2학년,15동 404호(칸막이),법오 골방(칸막이),국산(칸막이)
1/11/2000 12:00,chqi014o46@snu.ac.kr,설예은,2000-11521,3학년,15동 404호(칸막이),국산(칸막이),법오 큰방(칸막이)
1/11/2000 12:00,2k20tvdji1@snu.ac.kr,안훈성,2000-11542,3학년,법오 작은방(평상),법오 골방(칸막이),법오 큰방(칸막이)
1/11/2000 12:00,j883dhx8bm@snu.ac.kr,공혁연,2000-11176,1학년,국산(칸막이),15동 404호(칸막이),법오 큰방(칸막이)
1/11/2000 12:00,my89sfqeri@snu.ac.kr,우도하,2000-11511,3학년,국산(칸막이),법오 큰방(평상),15동 404호(칸막이)
1/11/2000 12:00,13jcat9mx2@snu.ac.kr,천미달,2000-11144,1학년,15동 404호(칸막이),15동 401호(칸막이),국산(칸막이)
1/11/2000 12:00,rf1hx6zdcu@snu.ac.kr,석울윤,2000-11466,3학년,법오 큰방(칸막이),15동 403호(칸막이),국산(칸막이)
1/11/2000 12:00,9d31k9qm3p@snu.ac.kr,길아철,2000-11271,2학년,국산(칸막이),15동 404호(칸막이),법오 큰방(칸막이)
1/11/2000 12:00,gl3wxdrlcm@snu.ac.kr,석나준,2000-11304,2학년,법오 큰방(칸막이),15동 404호(칸막이),국산(칸막이)
1/11/2000 12:00,ptk93tyt7d@snu.ac.kr,현소슬,2000-11128,1학년,15동 404호(칸막이),법오 큰방(칸막이),국산(칸막이)
1/11/2000 12:00,7ko64t026r@snu.ac.kr,변가서,2000-11142,1학년,법오 큰방(칸막이),15동 404호(칸막이),법오 작은방(평상)
1/11/2000 12:00,v2isqp49kw@snu.ac.kr,황수수,2000-11154,1학년,15동 404호(칸막이),15동 401호(평상),국산(칸막이)
1/11/2000 12:00,of8krd5eqy@snu.ac.kr,곽안예,2000-11174,1학년,15동 404호(칸막이),국산(칸막이),법오 큰방(칸막이)
1/11/2000 12:00,uyzpd2tsxt@snu.ac.kr,편태우,2000-11407,2학년,15동 404호(칸막이),국산(칸막이),15동 401호(칸막이)
1/11/2000 12:00,erxdouadvw@snu.ac.kr,도민도,2000-11339,2학년,법오 큰방(칸막이),15동 404호(칸막이),법오 작은방(평상)
1/11/2000 12:00,6mbypjdfaw@snu.ac.kr,제윤혜,2000-11570,3학년,15동 404호(칸막이),법오 큰방(칸막이),15동 401호(칸막이)
1/11/2000 12:00,orxo1bdje1@snu.ac.kr,신기서,2000-11159,1학년,15동 404호(칸막이),15동 403호(칸막이),법오 골방(칸막이)
1/11/2000 12:00,nrm6dfhg6w@snu.ac.kr,송바소,2000-11502,3학년,15동 404호(칸막이),법오 작은방(평상),법오 큰방(칸막이)
1/11/2000 12:00,5ge094d6ru@snu.ac.kr,추빈예,2000-11335,2학년,법오 작은방(평상),15동 404호(칸막이),15동 403호(칸막이)
1/11/2000 12:00,qgvzhqjy62@snu.ac.kr,석은시,2000-11428,3학년,15동 404호(칸막이),법오 큰방(칸막이),법오 큰방(평상)
1/11/2000 12:00,xx6mdk5n9s@snu.ac.kr,이다윤,2000-11418,2학년,15동 404호(칸막이),국산(칸막이),법오 큰방(칸막이)
1/11/2000 12:00,de1zublekv@snu.ac.kr,진희빈,2000-11508,3학년,법오 큰방(칸막이),국산(칸막이),15동 401호(칸막이)
1/11/2000 12:00,1q3vli7kq1@snu.ac.kr,우아늘,2000-11148,1학년,15동 403호(칸막이),15동 404호(칸막이),법오 큰방(칸막이)
1/11/2000 12:00,lod9r7anqj@snu.ac.kr,탁린루,2000-11232,1학년,법오 큰방(칸막이),15동 404호(칸막이),15동 401호(칸막이)
1/11/2000 12:00,zv9nou3dym@snu.ac.kr,편종은,2000-11517,3학년,15동 401호(평상),15동 404호(칸막이),법오 큰방(칸막이)
1/11/2000 12:00,x9djoyohaz@snu.ac.kr,정이자,2000-11377,2학년,국산(칸막이),15동 401호(평상),15동 404호(칸막이)
1/11/2000 12:00,vgox22iniw@snu.ac.kr,유동바,2000-11281,2학년,법오 큰방(평상),국산(칸막이),법오 골방(칸막이)
1/11/2000 12:00,r0jy32hog5@snu.ac.kr,제연재,2000-11531,3학년,국산(칸막이),15동 404호(칸막이),법오 큰방(칸막이)
1/11/2000 12:00,uznofy6452@snu.ac.kr,위수우,2000-11138,1학년,법오 큰방(칸막이),15동 404호(칸막이),15동 403호(칸막이)
1/11/2000 12:00,ebe5407k5w@snu.ac.kr,설결남,2000-11537,3학년,15동 404호(칸막이),법오 큰방(칸막이),법오 작은방(평상)
1/11/2000 12:00,zzf8s2zge2@snu.ac.kr,문주윤,2000-11285,2학년,법오 큰방(칸막이),국산(칸막이),15동 404호(칸막이)
1/11/2000 12:00,ycelos6zle@snu.ac.kr,주준이,2000-11233,1학년,국산(칸막이),법오 큰방(칸막이),15동 404호(칸막이)
1/11/2000 12:00,qb6gs8g8ta@snu.ac.kr,현루마,2000-11353,2학년,법오 큰방(평상),15동 404호(칸막이),15동 403호(평상)
1/11/2000 12:00,z15bcw790p@snu.ac.kr,변연은,2000-11166,1학년,법오 큰방(칸막이),15동 404호(칸막이),국산(칸막이)
1/11/2000 12:00,bo119xp9n5@snu.ac.kr,윤다하,2000-11237,1학년,국산(칸막이),법오 큰방(칸막이),15동 404호(칸막이)
1/11/2000 12:00,j70e3p15ah@snu.ac.kr,위하래,2000-11239,1학년,법오 큰방(칸막이),법오 골방(칸막이),15동 404호(칸막이)
1/11/2000 12:00,c3xq8va8x8@snu.ac.kr,채래현,2000-11541,3학년,법오 작은방(평상),15동 404호(칸막이),15동 401호(칸막이)
1/11/2000 12:00,n4ptgq9cva@snu.ac.kr,강연별,2000-11282,2학년,법오 큰방(칸막이),국산(칸막이),15동 404호(칸막이)
1/11/2000 12:00,guzroc5xt6@snu.ac.kr,김지한,2000-11579,졸업생,15동 404호(칸막이),법오 큰방(칸막이),법오 큰방(평상)
1/11/2000 12:00,jutpmc3skx@snu.ac.kr,서아지,2000-11519,3학년,법오 큰방(칸막이),15동 403호(평상),15동 401호(평상)
1/11/2000 12:00,xhw0ic1l7d@snu.ac.kr,배나연,2000-11414,2학년,15동 404호(칸막이),법오 큰방(칸막이),법오 작은방(평상)
1/11/2000 12:00,02dgtfgq5c@snu.ac.kr,서혁진,2000-11123,1학년,15동 404호(칸막이),국산(칸막이),법오 큰방(평상)
1/11/2000 12:00,5o44iusexu@snu.ac.kr,강윤이,2000-11524,3학년,15동 404호(칸막이),법오 작은방(평상),법오 큰방(칸막이)
1/11/2000 12:00,brh7lay64y@snu.ac.kr,제린기,2000-11332,2학년,법오 큰방(칸막이),법오 큰방(평상),15동 404호(칸막이)
1/11/2000 12:00,kyvk7n3bfh@snu.ac.kr,공라태,2000-11356,2학년,15동 404호(칸막이),15동 403호(평상),국산(칸막이)
1/11/2000 12:00,k8ut0cvs4f@snu.ac.kr,마래꽃,2000-11125,1학년,국산(칸막이),법오 큰방(평상),법오 큰방(칸막이)
1/11/2000 12:00,gn1w1ht7pz@snu.ac.kr,곽은호,2000-11160,1학년,법오 큰방(칸막이),국산(칸막이),15동 404호(칸막이)
1/11/2000 12:00,n439enga01@snu.ac.kr,변윤준,2000-11580,졸업생,15동 404호(칸막이),15동 401호(평상),법오 큰방(칸막이)
1/11/2000 12:00,ivrocvitwu@snu.ac.kr,김아다,2000-11431,3학년,15동 404호(칸막이),법오 큰방(평상),법오 큰방(칸막이)
1/11/2000 12:00,79t6vxdp5g@snu.ac.kr,탁새빈,2000-11143,1학년,법오 큰방(칸막이),15동 401호(평상),15동 404호(칸막이)
1/11/2000 12:00,tgq01tee13@snu.ac.kr,정용명,2000-11270,2학년,법오 큰방(칸막이),15동 404호(칸막이),법오 골방(칸막이)
1/11/2000 12:00,9ftaxp0wfo@snu.ac.kr,변담도,2000-11279,2학년,15동 404호(칸막이),국산(칸막이),법오 큰방(평상)
1/11/2000 12:00,zduxlez896@snu.ac.kr,석별지,2000-11195,1학년,법오 큰방(칸막이),15동 404호(칸막이),15동 401호(평상)
