3학년,15동 403호(칸막이),1,open
2학년,15동 403호(칸막이),3,open
2학년,15동 403호(칸막이),4,open
3학년,15동 403호(칸막이),18,open
3학년,15동 403호(칸막이),19,open
3학년,15동 404호(칸막이),3,open
3학년,15동 404호(칸막이),7,open
3학년,15동 404호(칸막이),12,open
3학년,15동 404호(칸막이),14,open
3학년,15동 404호(칸막이),19,open
3학년,15동 404호(칸막이),22,open
3학년,15동 404호(칸막이),24,open
3학년,15동 404호(칸막이),29,open
3학년,15동 404호(칸막이),31,open
3학년,15동 404호(칸막이),34,open
3학년,15동 404호(칸막이),36,open
3학년,15동 404호(칸막이),41,open
3학년,15동 404호(칸막이),42,open
3학년,15동 404호(칸막이),117,open
졸업생,15동 404호(칸막이),125,open
3학년,국산(칸막이),7,open
3학년,국산(칸막이),25,open
2학년,국산(칸막이),40,open
2학년,국산(칸막이),46,open
2학년,국산(칸막이),47,open
2학년,국산(칸막이),54,open
2학년,국산(칸막이),59,open
2학년,국산(칸막이),65,open
2학년,국산(칸막이),67,open
2학년,국산(칸막이),69,open
2학년,국산(칸막이),75,open
3학년,법오 골방(칸막이),1,open
3학년,법오 골방(칸막이),3,open
3학년,법오 골방(칸막이),4,open
2학년,법오 골방(칸막이),5,open
2학년,법오 골방(칸막이),8,open
2학년,법오 골방(칸막이),12,open
3학년,법오 작은방(평상),31,open
3학년,법오 큰방(칸막이),127,open
3학년,법오 큰방(칸막이),165,open
2학년,법오 큰방(평상),62,open
3학년,법오 큰방(평상),85,open
3학년,법오 큰방(평상),90,open
3학년,법오 큰방(평상),99,open
3학년,법오 큰방(평상),101,open
3학년,법오 큰방(평상),102,open
2학년,법오 큰방(평상),105,open
2학년,법오 큰방(평상),121,open
2학년,15동 404호(칸막이),80,closed
2학년,15동 404호(칸막이),81,closed
2학년,15동 404호(칸막이),82,closed
2학년,15동 404호(칸막이),83,closed
2학년,15동 404호(칸막이),84,closed
2학년,15동 404호(칸막이),85,closed
2학년,15동 404호(칸막이),95,closed
2학년,국산(칸막이),41,closed
2학년,국산(칸막이),42,closed
2학년,국산(칸막이),43,closed
2학년,국산(칸막이),44,closed
2학년,국산(칸막이),45,closed
2학년,법오 골방(칸막이),13,closed
2학년,법오 골방(칸막이),14,closed
2학년,법오 골방(칸막이),15,closed
2학년,법오 골방(칸막이),16,closed
2학년,법오 작은방(평상),37,closed
2학년,법오 작은방(평상),39,closed
2학년,법오 큰방(칸막이),95,closed
2학년,법오 큰방(평상),25,closed
2학년,법오 큰방(평상),26,closed
2학년,법오 큰방(평상),27,closed
2학년,법오 큰방(평상),28,closed
2학년,법오 큰방(평상),29,closed
2학년,법오 큰방(평상),30,closed
2학년,법오 큰방(평상),39,closed
2학년,법오 큰방(평상),40,closed
2학년,법오 큰방(평상),41,closed
2학년,법오 큰방(평상),42,closed
2학년,법오 큰방(평상),43,closed
2학년,법오 큰방(평상),44,closed
